{
    "loss": 3.908094882965088,
    "accuracy": 0.47058823704719543
}