{
    "loss": 31.287843704223633,
    "accuracy": 0.5686274766921997
}